SMILES_x,Original_SMILES,O_ATSC1pe,O_MATS2c,O_SlogP_VSA2,SMILES_y,P_ATSC1pe,P_MATS2c,P_SlogP_VSA2,AvgSimilarity,SMILES,ATSC1pe,MATS2c,SlogP_VSA2
C/C(=C\CCN)C1CCN=C1N,C1(F)C(/C(/N)=C/CON)CON=1,-0.307517241,0.120173847,18.9251326,C1(F)C(/C(/N)=C/CON)CON=1,-0.193,0.095,18.984,0.805009202,C/C(=C\CCN)C1CCN=C1N,-0.307517241,0.120173847,18.9251326
CNC=C=C(C)C1=CCN=C1N,C1(F)C(/C(/N)=C/CON)CON=1,-0.21266,0.117064907,19.42804817,C1(F)C(/C(/N)=C/CON)CON=1,-0.193,0.095,18.984,0.898737179,CNC=C=C(C)C1=CCN=C1N,-0.21266,0.117064907,19.42804817
NC1=NC=C=C1/C(N)=C/CNF,C1(F)C(/C(/N)=C/CON)CON=1,-0.196,0.111413484,12.38037619,C1(F)C(/C(/N)=C/CON)CON=1,-0.193,0.095,18.984,0.829840454,NC1=NC=C=C1/C(N)=C/CNF,-0.196,0.111413484,12.38037619
CC(=C=CC=O)C1CCN=C1O,C1(F)C(/C(/N)=C/CON)CON=1,-0.2167,0.073443141,23.83518967,C1(F)C(/C(/N)=C/CON)CON=1,-0.193,0.095,18.984,0.820062448,CC(=C=CC=O)C1CCN=C1O,-0.2167,0.073443141,23.83518967
C/C(=C\CCF)C1CCN=C1O,C1(F)C(/C(/N)=C/CON)CON=1,-0.200569231,0.083748203,24.22362012,C1(F)C(/C(/N)=C/CON)CON=1,-0.193,0.095,18.984,0.875839727,C/C(=C\CCF)C1CCN=C1O,-0.200569231,0.083748203,24.22362012
C/C(=C\C=NN)C1=CCN=C1O,C1(F)C(/C(/N)=C/CON)CON=1,-0.229769565,0.0723892,23.76362972,C1(F)C(/C(/N)=C/CON)CON=1,-0.193,0.095,18.984,0.800277144,C/C(=C\C=NN)C1=CCN=C1O,-0.229769565,0.0723892,23.76362972
CCC/C=C(\F)C1CCN=C1O,C1(F)C(/C(/N)=C/CON)CON=1,-0.200569231,0.133335644,17.54902915,C1(F)C(/C(/N)=C/CON)CON=1,-0.193,0.095,18.984,0.866386825,CCC/C=C(\F)C1CCN=C1O,-0.200569231,0.133335644,17.54902915
OC=NCCC1C=C1,C1N(CCOCN)C1,-0.167817647,0.080713502,18.05194472,C1N(CCOCN)C1,-0.193,0.095,18.984,0.890013471,OC=NCCC1C=C1,-0.167817647,0.080713502,18.05194472
CCC(C)CCNCO,FCN(O)CCOCN,-0.185206361,0.049033433,18.38210055,FCN(O)CCOCN,-0.193,0.095,18.984,0.814684745,CCC(C)CCNCO,-0.185206361,0.049033433,18.38210055
C=CC(C)CCN=CO,FCN(O)CCOCN,-0.133416736,0.079782918,18.05194472,FCN(O)CCOCN,-0.193,0.095,18.984,0.82733391,C=CC(C)CCN=CO,-0.133416736,0.079782918,18.05194472
CCC(=N)CCN=CN,FCN(O)CCOCN,-0.2597,0.106075814,18.59497677,FCN(O)CCOCN,-0.193,0.095,18.984,0.872752965,CCC(=N)CCN=CN,-0.2597,0.106075814,18.59497677
CCC(N)C=C=NCN,FCN(O)CCOCN,-0.3626,0.092583228,18.58033108,FCN(O)CCOCN,-0.193,0.095,18.984,0.828521207,CCC(N)C=C=NCN,-0.3626,0.092583228,18.58033108
CCC(=N)CCNC=O,FCN(O)CCOCN,-0.192210431,0.046865506,18.66653671,FCN(O)CCOCN,-0.193,0.095,18.984,0.824169137,CCC(=N)CCNC=O,-0.192210431,0.046865506,18.66653671
CCC(O)=CCNC=N,FCN(O)CCOCN,-0.404962812,0.094998041,17.98981916,FCN(O)CCOCN,-0.193,0.095,18.984,0.808065647,CCC(O)=CCNC=N,-0.404962812,0.094998041,17.98981916
CCC(=O)CCN=CO,FCN(O)CCOCN,-0.208721,0.082125749,23.83518967,FCN(O)CCOCN,-0.193,0.095,18.984,0.861876785,CCC(=O)CCN=CO,-0.208721,0.082125749,23.83518967
CCC(O)=CCNC=O,FCN(O)CCOCN,-0.341511,0.084727995,18.06137911,FCN(O)CCOCN,-0.193,0.095,18.984,0.802803081,CCC(O)=CCNC=O,-0.341511,0.084727995,18.06137911
CCC(O)CCN=C=O,FCN(O)CCOCN,-0.208721,0.075379912,23.83518967,FCN(O)CCOCN,-0.193,0.095,18.984,0.838207182,CCC(O)CCN=C=O,-0.208721,0.075379912,23.83518967
C=CC(O)=CCOCN,FCN(O)CCOCN,-0.442701,0.094630876,18.44422611,FCN(O)CCOCN,-0.193,0.095,18.984,0.801213849,C=CC(O)=CCOCN,-0.442701,0.094630876,18.44422611
CC=C(F)CCN=CO,FCN(O)CCOCN,-0.262703047,0.104241023,18.05194472,FCN(O)CCOCN,-0.193,0.095,18.984,0.865640799,CC=C(F)CCN=CO,-0.262703047,0.104241023,18.05194472
CCC(F)C=CN=CO,FCN(O)CCOCN,-0.262703047,0.080198434,17.67886371,FCN(O)CCOCN,-0.193,0.095,18.984,0.836704859,CCC(F)C=CN=CO,-0.262703047,0.080198434,17.67886371
C=C(CN)CCN=CN,FCN(O)CCOCN,-0.3626,0.089845826,19.42804817,FCN(O)CCOCN,-0.193,0.095,18.984,0.818385487,C=C(CN)CCN=CN,-0.3626,0.089845826,19.42804817
CC(C=N)CCN=CN,FCN(O)CCOCN,-0.2597,0.069697242,19.09789235,FCN(O)CCOCN,-0.193,0.095,18.984,0.823618919,CC(C=N)CCN=CN,-0.2597,0.069697242,19.09789235
C/N=C/O,C/N=C/F,-0.25645679,0.10380238,18.5548603,C/N=C/F,-0.193,0.095,18.984,0.881719562,C/N=C/O,-0.25645679,0.10380238,18.5548603
CCCCCNCO,CNCCCNNO,-0.196663894,0.043710175,18.38210055,CNCCCNNO,-0.193,0.095,18.984,0.803257085,CCCCCNCO,-0.196663894,0.043710175,18.38210055
CNCCCCON,NNCCCCNO,0.295153926,-0.298008582,20.19931035,NNCCCCNO,0.341,-0.376,23.068,0.844590693,CNCCCCON,0.295153926,-0.298008582,20.19931035
C=NCCC=CON,NNCCCCNO,0.298610802,-0.385437632,13.26227256,NNCCCCNO,0.341,-0.376,23.068,0.808708929,C=NCCC=CON,0.298610802,-0.385437632,13.26227256
COCCCCNO,NNCCCCNO,0.240969388,-0.297387992,25.46868894,NNCCCCNO,0.341,-0.376,23.068,0.801106734,COCCCCNO,0.240969388,-0.297387992,25.46868894
COCCCCON,NNCCCCNO,0.380969388,-0.315507874,20.32356147,NNCCCCNO,0.341,-0.376,23.068,0.871743352,COCCCCON,0.380969388,-0.315507874,20.32356147
CNC(C)=NCCC=CCN,C(N)CCCNNC(OC)C,-0.1481,0.087593122,25.97280458,C(N)CCCNNC(OC)C,-0.193,0.095,18.984,0.806769581,CNC(C)=NCCC=CCN,-0.1481,0.087593122,25.97280458
CN=C(C)NCCC=CCN,C(N)CCCNNC(OC)C,-0.1481,0.100717692,25.97280458,C(N)CCCNNC(OC)C,-0.193,0.095,18.984,0.813835463,CN=C(C)NCCC=CCN,-0.1481,0.100717692,25.97280458
C=NC(=C)NCCCCCO,C(N)CCCNNC(OC)C,-0.176055281,0.102742111,24.97568192,C(N)CCCNNC(OC)C,-0.193,0.095,18.984,0.865649367,C=NC(=C)NCCCCCO,-0.176055281,0.102742111,24.97568192
CC=C=CCC=NOCC=N,CO/N=C/CCNNCC=N,0.44377656,-0.308890584,19.03608312,CO/N=C/CCNNCC=N,0.341,-0.376,23.068,0.805046081,CC=C=CCC=NOCC=N,0.44377656,-0.308890584,19.03608312
CC=C=CC=CONCC=O,CO/N=C/CCNNCC=N,0.393742149,-0.371229611,12.83091693,CO/N=C/CCNNCC=N,0.341,-0.376,23.068,0.803194428,CC=C=CC=CONCC=O,0.393742149,-0.371229611,12.83091693
CN=CCN=NC=C(C)C,CNCCNN/C=C(\F)/F,0.419019471,-0.446913006,19.80702897,CNCCNN/C=C(\F)/F,0.341,-0.376,23.068,0.837922769,CN=CCN=NC=C(C)C,0.419019471,-0.446913006,19.80702897
C=NCCNN=C=C(C)C,CNCCNN/C=C(\F)/F,0.313136862,-0.330141666,25.67682803,CNCCNN/C=C(\F)/F,0.341,-0.376,23.068,0.898241279,C=NCCNN=C=C(C)C,0.313136862,-0.330141666,25.67682803
CNCCNOC=C(C)C,CNCCNN/C=C(\F)/F,0.481384172,-0.344766426,20.13718479,CNCCNN/C=C(\F)/F,0.341,-0.376,23.068,0.8327516,CNCCNOC=C(C)C,0.481384172,-0.344766426,20.13718479
CNCCNOC=C(C)F,CNCCNN/C=C(\F)/F,0.245037618,-0.393151231,20.13718479,CNCCNN/C=C(\F)/F,0.341,-0.376,23.068,0.849303084,CNCCNOC=C(C)F,0.245037618,-0.393151231,20.13718479
CNCCONC=C(C)C,CNCCNN/C=C(\F)/F,0.481384172,-0.361746705,20.19931035,CNCCNN/C=C(\F)/F,0.341,-0.376,23.068,0.848702756,CNCCONC=C(C)C,0.481384172,-0.361746705,20.19931035
CNCCONC=C(C)F,CNCCNN/C=C(\F)/F,0.245037618,-0.36673035,20.19931035,CNCCNN/C=C(\F)/F,0.341,-0.376,23.068,0.856524699,CNCCONC=C(C)F,0.245037618,-0.36673035,20.19931035
COCCNNC=C(C)C,CNCCNN/C=C(\F)/F,0.285384172,-0.362858483,20.26143591,CNCCNN/C=C(\F)/F,0.341,-0.376,23.068,0.893429355,COCCNNC=C(C)C,0.285384172,-0.362858483,20.26143591
COCC=NN=C=C(C)F,CNCCNN/C=C(\F)/F,0.225274515,-0.345820529,25.80107915,CNCCNN/C=C(\F)/F,0.341,-0.376,23.068,0.824811885,COCC=NN=C=C(C)F,0.225274515,-0.345820529,25.80107915
COCCNOC=C(C)C,CNCCNN/C=C(\F)/F,0.57938336,-0.372028185,20.26143591,CNCCNN/C=C(\F)/F,0.341,-0.376,23.068,0.818776205,COCCNOC=C(C)C,0.57938336,-0.372028185,20.26143591
COCCOCC=C(C)C,CNCCNN/C=C(\F)/F,0.239936686,-0.331009146,26.93044343,CNCCNN/C=C(\F)/F,0.341,-0.376,23.068,0.813515725,COCCOCC=C(C)C,0.239936686,-0.331009146,26.93044343
COCCONC=C(C)C,CNCCNN/C=C(\F)/F,0.57938336,-0.399712194,20.32356147,CNCCNN/C=C(\F)/F,0.341,-0.376,23.068,0.803420644,COCCONC=C(C)C,0.57938336,-0.399712194,20.32356147
COCCOOC=C(F)F,CNCCNN/C=C(\F)/F,0.364147222,-0.451191518,20.32356147,CNCCNN/C=C(\F)/F,0.341,-0.376,23.068,0.883603922,COCCOOC=C(F)F,0.364147222,-0.451191518,20.32356147
CNCCCCON,NNCCCCNO,0.295153926,-0.298008582,20.19931035,NNCCCCNO,0.341,-0.376,23.068,0.844590693,CNCCCCON,0.295153926,-0.298008582,20.19931035
C=NC=CCCON,NNCCCCNO,0.298610802,-0.378743885,13.32439812,NNCCCCNO,0.341,-0.376,23.068,0.815353578,C=NC=CCCON,0.298610802,-0.378743885,13.32439812
C=NCCC=CON,NNCCCCNO,0.298610802,-0.385437632,13.26227256,NNCCCCNO,0.341,-0.376,23.068,0.808708929,C=NCCC=CON,0.298610802,-0.385437632,13.26227256
COCCCCNO,NNCCCCNO,0.240969388,-0.297387992,25.46868894,NNCCCCNO,0.341,-0.376,23.068,0.801106734,COCCCCNO,0.240969388,-0.297387992,25.46868894
COCCCCON,NNCCCCNO,0.380969388,-0.315507874,20.32356147,NNCCCCNO,0.341,-0.376,23.068,0.871743352,COCCCCON,0.380969388,-0.315507874,20.32356147
NN=CC=CCOO,NNCCCCNO,0.38581875,-0.306818663,18.07871794,NNCCCCNO,0.341,-0.376,23.068,0.827851977,NN=CC=CCOO,0.38581875,-0.306818663,18.07871794
NOCCCCNO,NNCCCCNO,0.310296,-0.327161552,18.3588914,NNCCCCNO,0.341,-0.376,23.068,0.858643049,NOCCCCNO,0.310296,-0.327161552,18.3588914
OCCCCCOO,NNCCCCNO,0.36750275,-0.191464331,23.57752672,NNCCCCNO,0.341,-0.376,23.068,0.805162388,OCCCCCOO,0.36750275,-0.191464331,23.57752672
O=NCC=CCNO,NNCCCCNO,0.39509375,-0.351456077,18.29676584,NNCCCCNO,0.341,-0.376,23.068,0.863658815,O=NCC=CCNO,0.39509375,-0.351456077,18.29676584
ONCCCCOO,NNCCCCNO,0.564933795,-0.317615281,23.61612679,NNCCCCNO,0.341,-0.376,23.068,0.808374064,ONCCCCOO,0.564933795,-0.317615281,23.61612679
OOCC=C=CCF,NNCCCCNO,0.387846222,-0.386299327,18.53870833,NNCCCCNO,0.341,-0.376,23.068,0.885402566,OOCC=C=CCF,0.387846222,-0.386299327,18.53870833
CC/C=C/CCN=NC=C=O,CO/N=C/CCNNCC=N,0.32911569,-0.384734661,12.48611541,CO/N=C/CCNNCC=N,0.341,-0.376,23.068,0.827906622,CC/C=C/CCN=NC=C=O,0.32911569,-0.384734661,12.48611541
CC/C=C/CCNOCC=N,CO/N=C/CCNNCC=N,0.400044719,-0.324432544,19.36623895,CO/N=C/CCNNCC=N,0.341,-0.376,23.068,0.851595173,CC/C=C/CCNOCC=N,0.400044719,-0.324432544,19.36623895
CC=C=CC=CNOCC=N,CO/N=C/CCNNCC=N,0.32191569,-0.347688209,12.82148254,CO/N=C/CCNNCC=N,0.341,-0.376,23.068,0.808183152,CC=C=CC=CNOCC=N,0.32191569,-0.347688209,12.82148254
CC=C=CCCNOC=C=N,CO/N=C/CCNNCC=N,0.32191569,-0.370004772,12.41455547,CO/N=C/CCNNCC=N,0.341,-0.376,23.068,0.82208723,CC=C=CCCNOC=C=N,0.32191569,-0.370004772,12.41455547
CCC=C=CC=NOCC=N,CO/N=C/CCNNCC=N,0.44377656,-0.337418744,19.03608312,CO/N=C/CCNNCC=N,0.341,-0.376,23.068,0.830337003,CCC=C=CC=NOCC=N,0.44377656,-0.337418744,19.03608312
C=C/C=C/C=CNOCC=N,CO/N=C/CCNNCC=N,0.32191569,-0.359363395,12.82148254,CO/N=C/CCNNCC=N,0.341,-0.376,23.068,0.818533494,C=C/C=C/C=CNOCC=N,0.32191569,-0.359363395,12.82148254
CC=C=CCC=NOCC=N,CO/N=C/CCNNCC=N,0.44377656,-0.308890584,19.03608312,CO/N=C/CCNNCC=N,0.341,-0.376,23.068,0.805046081,CC=C=CCC=NOCC=N,0.44377656,-0.308890584,19.03608312
CC/C=C/CCNOCC=O,CO/N=C/CCNNCC=N,0.465794083,-0.394393973,19.43779889,CO/N=C/CCNNCC=N,0.341,-0.376,23.068,0.842691671,CC/C=C/CCNOCC=O,0.465794083,-0.394393973,19.43779889
CC/C=C/C=C=NOCC=O,CO/N=C/CCNNCC=N,0.53005124,-0.361915979,18.76284155,CO/N=C/CCNNCC=N,0.341,-0.376,23.068,0.806415833,CC/C=C/C=C=NOCC=O,0.53005124,-0.361915979,18.76284155
C=C/C=C/CC=NOCC=O,CO/N=C/CCNNCC=N,0.53005124,-0.397410894,19.10764307,CO/N=C/CCNNCC=N,0.341,-0.376,23.068,0.805925406,C=C/C=C/CC=NOCC=O,0.53005124,-0.397410894,19.10764307
CC/C=C/CCONCC=N,CO/N=C/CCNNCC=N,0.400044719,-0.305817403,19.36623895,CO/N=C/CCNNCC=N,0.341,-0.376,23.068,0.835092388,CC/C=C/CCONCC=N,0.400044719,-0.305817403,19.36623895
CC/C=C/CCONCC=O,CO/N=C/CCNNCC=N,0.465794083,-0.362130856,19.43779889,CO/N=C/CCNNCC=N,0.341,-0.376,23.068,0.845942522,CC/C=C/CCONCC=O,0.465794083,-0.362130856,19.43779889
CC=C=CC=CONCC=O,CO/N=C/CCNNCC=N,0.393742149,-0.371229611,12.83091693,CO/N=C/CCNNCC=N,0.341,-0.376,23.068,0.803194428,CC=C=CC=CONCC=O,0.393742149,-0.371229611,12.83091693
CCC=C=CCON=CC=O,CO/N=C/CCNNCC=N,0.53005124,-0.349073731,19.10764307,CO/N=C/CCNNCC=N,0.341,-0.376,23.068,0.800013254,CCC=C=CCON=CC=O,0.53005124,-0.349073731,19.10764307
C=CCNNCC/C=N/CC,CO/N=C/CCNNCC=N,0.2635,-0.301468892,25.8488698,CO/N=C/CCNNCC=N,0.341,-0.376,23.068,0.822308123,C=CCNNCC/C=N/CC,0.2635,-0.301468892,25.8488698
C=CCN=NCC=C=NCC,CO/N=C/CCNNCC=N,0.412280556,-0.282068382,25.50406828,CO/N=C/CCNNCC=N,0.341,-0.376,23.068,0.827257231,C=CCN=NCC=C=NCC,0.412280556,-0.282068382,25.50406828
C=C=C=NNCC/C=N/CC,CO/N=C/CCNNCC=N,0.303663889,-0.23935652,25.17391245,CO/N=C/CCNNCC=N,0.341,-0.376,23.068,0.814480624,C=C=C=NNCC/C=N/CC,0.303663889,-0.23935652,25.17391245
C=CC=NNC=C/C=N/CC,CO/N=C/CCNNCC=N,0.303663889,-0.267189907,18.97395756,CO/N=C/CCNNCC=N,0.341,-0.376,23.068,0.807881421,C=CC=NNC=C/C=N/CC,0.303663889,-0.267189907,18.97395756
C=CCNN=CC=C=NCC,CO/N=C/CCNNCC=N,0.303663889,-0.26937935,25.17391245,CO/N=C/CCNNCC=N,0.341,-0.376,23.068,0.841096608,C=CCNN=CC=C=NCC,0.303663889,-0.26937935,25.17391245
CC/N=C/CC=NN=CC=O,CO/N=C/CCNNCC=N,0.335072107,-0.315012206,31.47471867,CO/N=C/CCNNCC=N,0.341,-0.376,23.068,0.851106749,CC/N=C/CC=NN=CC=O,0.335072107,-0.315012206,31.47471867
CCN=C=C=CNOCC=N,CO/N=C/CCNNCC=N,0.281535744,-0.302437549,25.23603801,CO/N=C/CCNNCC=N,0.341,-0.376,23.068,0.848020935,CCN=C=C=CNOCC=N,0.281535744,-0.302437549,25.23603801
CC/N=C/CCNOCC=O,CO/N=C/CCNNCC=N,0.45928864,-0.354184756,32.19715588,CO/N=C/CCNNCC=N,0.341,-0.376,23.068,0.800298011,CC/N=C/CCNOCC=O,0.45928864,-0.354184756,32.19715588
C=C/N=C/CC=NOCC=O,CO/N=C/CCNNCC=N,0.500753515,-0.354099848,25.32224365,CO/N=C/CCNNCC=N,0.341,-0.376,23.068,0.844568798,C=C/N=C/CC=NOCC=O,0.500753515,-0.354099848,25.32224365
C=C/N=C/C=CONCC=N,CO/N=C/CCNNCC=N,0.281535744,-0.304407285,18.97395756,CO/N=C/CCNNCC=N,0.341,-0.376,23.068,0.81924491,C=C/N=C/C=CONCC=N,0.281535744,-0.304407285,18.97395756
CCN=C=C=CONCC=N,CO/N=C/CCNNCC=N,0.281535744,-0.299136439,25.17391245,CO/N=C/CCNNCC=N,0.341,-0.376,23.068,0.845846366,CCN=C=C=CONCC=N,0.281535744,-0.299136439,25.17391245
C=C/N=C/CCONC=C=N,CO/N=C/CCNNCC=N,0.281535744,-0.298030211,18.69128161,CO/N=C/CCNNCC=N,0.341,-0.376,23.068,0.809506799,C=C/N=C/CCONC=C=N,0.281535744,-0.298030211,18.69128161
C=CCN=NCC=C=CNC,CO/N=C/CCNNCC=N,0.303663889,-0.262150251,20.13718479,CO/N=C/CCNNCC=N,0.341,-0.376,23.068,0.820222311,C=CCN=NCC=C=CNC,0.303663889,-0.262150251,20.13718479
C=CC=NN=CC/C=C/NC,CO/N=C/CCNNCC=N,0.303663889,-0.256464289,19.47687314,CO/N=C/CCNNCC=N,0.341,-0.376,23.068,0.80564004,C=CC=NN=CC/C=C/NC,0.303663889,-0.256464289,19.47687314
C=N/C=C/CCN=NCC=N,CO/N=C/CCNNCC=N,0.25000189,-0.317038827,26.02162955,CO/N=C/CCNNCC=N,0.341,-0.376,23.068,0.820941678,C=N/C=C/CCN=NCC=N,0.25000189,-0.317038827,26.02162955
C=N/C=C/CC=NNCC=O,CO/N=C/CCNNCC=N,0.196758471,-0.362675817,25.76303366,CO/N=C/CCNNCC=N,0.341,-0.376,23.068,0.812319701,C=N/C=C/CC=NNCC=O,0.196758471,-0.362675817,25.76303366
C=C=CONCCC=C=NC,CO/N=C/CCNNCC=N,0.49341569,-0.33076327,19.46222745,CO/N=C/CCNNCC=N,0.341,-0.376,23.068,0.804826603,C=C=CONCCC=C=NC,0.49341569,-0.33076327,19.46222745
CN/C=C/CCNOCC=N,CO/N=C/CCNNCC=N,0.280498669,-0.282058833,26.41391093,CO/N=C/CCNNCC=N,0.341,-0.376,23.068,0.815353636,CN/C=C/CCNOCC=N,0.280498669,-0.282058833,26.41391093
C=N/C=C/CC=NOCC=N,CO/N=C/CCNNCC=N,0.41984938,-0.326809966,25.75359928,CO/N=C/CCNNCC=N,0.341,-0.376,23.068,0.859030311,C=N/C=C/CC=NOCC=N,0.41984938,-0.326809966,25.75359928
C=N/C=C/C=CNOCC=N,CO/N=C/CCNNCC=N,0.281535744,-0.375369286,19.5389987,CO/N=C/CCNNCC=N,0.341,-0.376,23.068,0.890319348,C=N/C=C/C=CNOCC=N,0.281535744,-0.375369286,19.5389987
C=NC=C=CCNOCC=N,CO/N=C/CCNNCC=N,0.281535744,-0.370389117,26.08375511,CO/N=C/CCNNCC=N,0.341,-0.376,23.068,0.898359108,C=NC=C=CCNOCC=N,0.281535744,-0.370389117,26.08375511
CN=C=CCCNOC=C=N,CO/N=C/CCNNCC=N,0.281535744,-0.357979597,25.33202652,CO/N=C/CCNNCC=N,0.341,-0.376,23.068,0.896105778,CN=C=CCCNOC=C=N,0.281535744,-0.357979597,25.33202652
C=N/C=C/CCNOC=C=O,CO/N=C/CCNNCC=N,0.346520181,-0.470394088,19.20363157,CO/N=C/CCNNCC=N,0.341,-0.376,23.068,0.871959567,C=N/C=C/CCNOC=C=O,0.346520181,-0.470394088,19.20363157
C=CCNOCC=C=C=NC,CO/N=C/CCNNCC=N,0.49341569,-0.350485775,26.06910942,CO/N=C/CCNNCC=N,0.341,-0.376,23.068,0.836040859,C=CCNOCC=C=C=NC,0.49341569,-0.350485775,26.06910942
C=C=CNOCCC=C=NC,CO/N=C/CCNNCC=N,0.49341569,-0.328974761,19.52435301,CO/N=C/CCNNCC=N,0.341,-0.376,23.068,0.804138762,C=C=CNOCCC=C=NC,0.49341569,-0.328974761,19.52435301
CN/C=C/CCONCC=N,CO/N=C/CCNNCC=N,0.280498669,-0.267170452,26.41391093,CO/N=C/CCNNCC=N,0.341,-0.376,23.068,0.802154717,CN/C=C/CCONCC=N,0.280498669,-0.267170452,26.41391093
C=NC=C=CCONCC=N,CO/N=C/CCNNCC=N,0.281535744,-0.353146152,26.08375511,CO/N=C/CCNNCC=N,0.341,-0.376,23.068,0.883072791,C=NC=C=CCONCC=N,0.281535744,-0.353146152,26.08375511
C=N/C=C/C=CONCC=N,CO/N=C/CCNNCC=N,0.281535744,-0.356418587,19.47687314,CO/N=C/CCNNCC=N,0.341,-0.376,23.068,0.872621367,C=N/C=C/C=CONCC=N,0.281535744,-0.356418587,19.47687314
C=N/C=C/CCON=CC=N,CO/N=C/CCNNCC=N,0.41984938,-0.304127448,25.75359928,CO/N=C/CCNNCC=N,0.341,-0.376,23.068,0.838921695,C=N/C=C/CCON=CC=N,0.41984938,-0.304127448,25.75359928
CNC=C=CCON=CC=N,CO/N=C/CCNNCC=N,0.281535744,-0.259727636,26.08375511,CO/N=C/CCNNCC=N,0.341,-0.376,23.068,0.800254957,CNC=C=CCON=CC=N,0.281535744,-0.259727636,26.08375511
CN/C=C/CCONCC=O,CO/N=C/CCNNCC=N,0.32973264,-0.303269943,26.48547088,CO/N=C/CCNNCC=N,0.341,-0.376,23.068,0.881498325,CN/C=C/CCONCC=O,0.32973264,-0.303269943,26.48547088
CN=C=C=CCONCC=O,CO/N=C/CCNNCC=N,0.346520181,-0.365311131,32.35526994,CO/N=C/CCNNCC=N,0.341,-0.376,23.068,0.889533805,CN=C=C=CCONCC=O,0.346520181,-0.365311131,32.35526994
CN/C=C/CCON=C=C=O,CO/N=C/CCNNCC=N,0.346520181,-0.279174271,25.46571202,CO/N=C/CCNNCC=N,0.341,-0.376,23.068,0.877466636,CN/C=C/CCON=C=C=O,0.346520181,-0.279174271,25.46571202
C=N/N=C/C=CCCCC=O,CO/N=C/CCNNCC=N,0.32911569,-0.25693816,19.21827726,CO/N=C/CCNNCC=N,0.341,-0.376,23.068,0.827202991,C=N/N=C/C=CCCCC=O,0.32911569,-0.25693816,19.21827726
C=N/N=C/CCCC=CC=O,CO/N=C/CCNNCC=N,0.32911569,-0.246696242,19.21827726,CO/N=C/CCNNCC=N,0.341,-0.376,23.068,0.818123276,C=N/N=C/CCCC=CC=O,0.32911569,-0.246696242,19.21827726
C=CC=NCCC=C=NNC,CO/N=C/CCNNCC=N,0.303663889,-0.25043355,25.67682803,CO/N=C/CCNNCC=N,0.341,-0.376,23.068,0.818318063,C=CC=NCCC=C=NNC,0.303663889,-0.25043355,25.67682803
C=CC=NCC=C/C=N/NC,CO/N=C/CCNNCC=N,0.303663889,-0.30946367,26.02162955,CO/N=C/CCNNCC=N,0.341,-0.376,23.068,0.866681635,C=CC=NCC=C/C=N/NC,0.303663889,-0.30946367,26.02162955
C=CCN=CCC/C=N/N=C,CO/N=C/CCNNCC=N,0.412280556,-0.283694589,25.69147372,CO/N=C/CCNNCC=N,0.341,-0.376,23.068,0.826499665,C=CCN=CCC/C=N/N=C,0.412280556,-0.283694589,25.69147372
C=CCN=CC=C/C=N/NC,CO/N=C/CCNNCC=N,0.303663889,-0.313982159,26.02162955,CO/N=C/CCNNCC=N,0.341,-0.376,23.068,0.870687387,C=CCN=CC=C/C=N/NC,0.303663889,-0.313982159,26.02162955
C=N/N=C/CCC=NCC=O,CO/N=C/CCNNCC=N,0.335072107,-0.352851107,31.97763424,CO/N=C/CCNNCC=N,0.341,-0.376,23.068,0.880809713,C=N/N=C/CCC=NCC=O,0.335072107,-0.352851107,31.97763424
C=N/N=C/CCCN=CC=O,CO/N=C/CCNNCC=N,0.335072107,-0.343104277,31.97763424,CO/N=C/CCNNCC=N,0.341,-0.376,23.068,0.872168907,C=N/N=C/CCCN=CC=O,0.335072107,-0.343104277,31.97763424
C=CCOCCC/C=N/NC,CO/N=C/CCNNCC=N,0.375544719,-0.263451415,26.47603649,CO/N=C/CCNNCC=N,0.341,-0.376,23.068,0.826653824,C=CCOCCC/C=N/NC,0.375544719,-0.263451415,26.47603649
C=CCOCC=C=C=NNC,CO/N=C/CCNNCC=N,0.29741569,-0.285160731,26.13123498,CO/N=C/CCNNCC=N,0.341,-0.376,23.068,0.837789312,C=CCOCC=C=C=NNC,0.29741569,-0.285160731,26.13123498
C=CCOCC=C/C=N/N=C,CO/N=C/CCNNCC=N,0.41927656,-0.271638308,26.14588066,CO/N=C/CCNNCC=N,0.341,-0.376,23.068,0.806009482,C=CCOCC=C/C=N/N=C,0.41927656,-0.271638308,26.14588066
C=N/N=C/C=CCOCC=O,CO/N=C/CCNNCC=N,0.304753515,-0.363781253,32.43204119,CO/N=C/CCNNCC=N,0.341,-0.376,23.068,0.857493522,C=N/N=C/C=CCOCC=O,0.304753515,-0.363781253,32.43204119
C=CCCN=CC/C=N/N=C,CO/N=C/CCNNCC=N,0.412280556,-0.344743146,25.69147372,CO/N=C/CCNNCC=N,0.341,-0.376,23.068,0.880620726,C=CCCN=CC/C=N/N=C,0.412280556,-0.344743146,25.69147372
C=CCNNCC/C=N/NC,CO/N=C/CCNNCC=N,0.409939781,-0.341893609,26.35178537,CO/N=C/CCNNCC=N,0.341,-0.376,23.068,0.872169205,C=CCNNCC/C=N/NC,0.409939781,-0.341893609,26.35178537
C=CC=NN=CC/C=N/NC,CO/N=C/CCNNCC=N,0.537823629,-0.355410393,25.69147372,CO/N=C/CCNNCC=N,0.341,-0.376,23.068,0.825720896,C=CC=NN=CC/C=N/NC,0.537823629,-0.355410393,25.69147372
C=CC=NNCC/C=N/N=C,CO/N=C/CCNNCC=N,0.537823629,-0.333156109,25.69147372,CO/N=C/CCNNCC=N,0.341,-0.376,23.068,0.805991921,C=CC=NNCC/C=N/N=C,0.537823629,-0.333156109,25.69147372
C=CCNN=C=C/C=N/NC,CO/N=C/CCNNCC=N,0.414045369,-0.306056195,25.67682803,CO/N=C/CCNNCC=N,0.341,-0.376,23.068,0.845319353,C=CCNN=C=C/C=N/NC,0.414045369,-0.306056195,25.67682803
C=C=CN=NCC/C=N/NC,CO/N=C/CCNNCC=N,0.537823629,-0.358357383,19.80702897,CO/N=C/CCNNCC=N,0.341,-0.376,23.068,0.815250531,C=C=CN=NCC/C=N/NC,0.537823629,-0.358357383,19.80702897
C=CC=NNC=C/C=N/NC,CO/N=C/CCNNCC=N,0.414045369,-0.348199398,19.47687314,CO/N=C/CCNNCC=N,0.341,-0.376,23.068,0.864655927,C=CC=NNC=C/C=N/NC,0.414045369,-0.348199398,19.47687314
C=CCNNC=C/C=N/N=C,CO/N=C/CCNNCC=N,0.414045369,-0.382791928,19.47687314,CO/N=C/CCNNCC=N,0.341,-0.376,23.068,0.883387473,C=CCNNC=C/C=N/N=C,0.414045369,-0.382791928,19.47687314
C=N/N=C/CCNN=CC=N,CO/N=C/CCNNCC=N,0.320241322,-0.305499728,31.9060743,CO/N=C/CCNNCC=N,0.341,-0.376,23.068,0.824873505,C=N/N=C/CCNN=CC=N,0.320241322,-0.305499728,31.9060743
C=N/N=C/CCNN=CC=O,CO/N=C/CCNNCC=N,0.383575283,-0.369064205,31.97763424,CO/N=C/CCNNCC=N,0.341,-0.376,23.068,0.86397901,C=N/N=C/CCNN=CC=O,0.383575283,-0.369064205,31.97763424
C=CCONC=C=C=NNC,CO/N=C/CCNNCC=N,0.554822107,-0.376481509,19.52435301,CO/N=C/CCNNCC=N,0.341,-0.376,23.068,0.819905002,C=CCONC=C=C=NNC,0.554822107,-0.376481509,19.52435301
C=NN=C=CCNOCC=N,CO/N=C/CCNNCC=N,0.435622902,-0.370607032,31.95355417,CO/N=C/CCNNCC=N,0.341,-0.376,23.068,0.830122316,C=NN=C=CCNOCC=N,0.435622902,-0.370607032,31.95355417
C=CCCOCC/C=N/NC,CO/N=C/CCNNCC=N,0.375544719,-0.299210175,26.47603649,CO/N=C/CCNNCC=N,0.341,-0.376,23.068,0.858354852,C=CCCOCC/C=N/NC,0.375544719,-0.299210175,26.47603649
C=CC=COCC=C=NNC,CO/N=C/CCNNCC=N,0.29741569,-0.256590958,19.52435301,CO/N=C/CCNNCC=N,0.341,-0.376,23.068,0.8003307,C=CC=COCC=C=NNC,0.29741569,-0.256590958,19.52435301
C=C=CCOCC/C=N/N=C,CO/N=C/CCNNCC=N,0.41927656,-0.330507317,26.14588066,CO/N=C/CCNNCC=N,0.341,-0.376,23.068,0.85819832,C=C=CCOCC/C=N/N=C,0.41927656,-0.330507317,26.14588066
C=CCCOCC=C=NN=C,CO/N=C/CCNNCC=N,0.41927656,-0.301648103,25.80107915,CO/N=C/CCNNCC=N,0.341,-0.376,23.068,0.836544129,C=CCCOCC=C=NN=C,0.41927656,-0.301648103,25.80107915
C=C=CCOCC=C=NNC,CO/N=C/CCNNCC=N,0.29741569,-0.300263539,26.13123498,CO/N=C/CCNNCC=N,0.341,-0.376,23.068,0.851178326,C=C=CCOCC=C=NNC,0.29741569,-0.300263539,26.13123498
CNN=C=C=CONCC=N,CO/N=C/CCNNCC=N,0.279289569,-0.352885518,25.67682803,CO/N=C/CCNNCC=N,0.341,-0.376,23.068,0.885317961,CNN=C=C=CONCC=N,0.279289569,-0.352885518,25.67682803
C=N/N=C/C=CONCC=N,CO/N=C/CCNNCC=N,0.435622902,-0.35416475,25.69147372,CO/N=C/CCNNCC=N,0.341,-0.376,23.068,0.874200029,C=N/N=C/C=CONCC=N,0.435622902,-0.35416475,25.69147372
C=CCNNCC/C=C/OC,CO/N=C/CCNNCC=N,0.271737311,-0.288281112,20.19931035,CO/N=C/CCNNCC=N,0.341,-0.376,23.068,0.813076908,C=CCNNCC/C=C/OC,0.271737311,-0.288281112,20.19931035
C=CC=NN=CC/C=C/OC,CO/N=C/CCNNCC=N,0.41927656,-0.282714575,19.5389987,CO/N=C/CCNNCC=N,0.341,-0.376,23.068,0.804074528,C=CC=NN=CC/C=C/OC,0.41927656,-0.282714575,19.5389987
C=C=C=NNCC/C=C/OC,CO/N=C/CCNNCC=N,0.29741569,-0.257600215,19.52435301,CO/N=C/CCNNCC=N,0.341,-0.376,23.068,0.801225432,C=C=C=NNCC/C=C/OC,0.29741569,-0.257600215,19.52435301
C=CCN=NCC=C=COC,CO/N=C/CCNNCC=N,0.41927656,-0.291439844,20.19931035,CO/N=C/CCNNCC=N,0.341,-0.376,23.068,0.821351221,C=CCN=NCC=C=COC,0.41927656,-0.291439844,20.19931035
CO/C=C/CCNOCC=N,CO/N=C/CCNNCC=N,0.36397264,-0.293160742,26.47603649,CO/N=C/CCNNCC=N,0.341,-0.376,23.068,0.86261496,CO/C=C/CCNOCC=N,0.36397264,-0.293160742,26.47603649
CO/C=C/CCNOCC=O,CO/N=C/CCNNCC=N,0.42109566,-0.331659751,26.54759643,CO/N=C/CCNNCC=N,0.341,-0.376,23.068,0.853598646,CO/C=C/CCNOCC=O,0.42109566,-0.331659751,26.54759643
CO/C=C/CCONCC=N,CO/N=C/CCNNCC=N,0.36397264,-0.278686286,26.47603649,CO/N=C/CCNNCC=N,0.341,-0.376,23.068,0.849782996,CO/C=C/CCONCC=N,0.36397264,-0.278686286,26.47603649
CO/C=C/CCONCC=O,CO/N=C/CCNNCC=N,0.42109566,-0.308714397,26.54759643,CO/N=C/CCNNCC=N,0.341,-0.376,23.068,0.833257021,CO/C=C/CCONCC=O,0.42109566,-0.308714397,26.54759643
CO/C=C/C=CON=CC=O,CO/N=C/CCNNCC=N,0.43496475,-0.314316693,19.61055864,CO/N=C/CCNNCC=N,0.341,-0.376,23.068,0.823346604,CO/C=C/C=CON=CC=O,0.43496475,-0.314316693,19.61055864
CO/N=C/CCC=NC=C=N,CO/N=C/CCNNCC=N,0.41984938,-0.283426927,25.40879776,CO/N=C/CCNNCC=N,0.341,-0.376,23.068,0.824621856,CO/N=C/CCC=NC=C=N,0.41984938,-0.283426927,25.40879776
CO/N=C/C=C=CNCC=O,CO/N=C/CCNNCC=N,0.346520181,-0.30514104,26.15531505,CO/N=C/CCNNCC=N,0.341,-0.376,23.068,0.892525739,CO/N=C/C=C=CNCC=O,0.346520181,-0.30514104,26.15531505
CO/N=C/C=C=COCC=N,CO/N=C/CCNNCC=N,0.36061542,-0.288389678,26.14588066,CO/N=C/CCNNCC=N,0.341,-0.376,23.068,0.864960003,CO/N=C/C=C=COCC=N,0.36061542,-0.288389678,26.14588066
CON=C=C=CCOCC=N,CO/N=C/CCNNCC=N,0.36061542,-0.316709185,32.40796111,CO/N=C/CCNNCC=N,0.341,-0.376,23.068,0.833239261,CON=C=C=CCOCC=N,0.36061542,-0.316709185,32.40796111
CON=C=CC=COCC=O,CO/N=C/CCNNCC=N,0.43496475,-0.341062391,25.87263909,CO/N=C/CCNNCC=N,0.341,-0.376,23.068,0.860883554,CON=C=CC=COCC=O,0.43496475,-0.341062391,25.87263909
CO/N=C/C=C=COCC=O,CO/N=C/CCNNCC=N,0.43496475,-0.345581471,26.21744061,CO/N=C/CCNNCC=N,0.341,-0.376,23.068,0.86098118,CO/N=C/C=C=COCC=O,0.43496475,-0.345581471,26.21744061
CO/N=C/CC=COC=C=O,CO/N=C/CCNNCC=N,0.43496475,-0.337447943,19.26575713,CO/N=C/CCNNCC=N,0.341,-0.376,23.068,0.838870639,CO/N=C/CC=COC=C=O,0.43496475,-0.337447943,19.26575713
CO/N=C/C=CN=CCC=N,CO/N=C/CCNNCC=N,0.41984938,-0.282950995,25.75359928,CO/N=C/CCNNCC=N,0.341,-0.376,23.068,0.820148244,CO/N=C/C=CN=CCC=N,0.41984938,-0.282950995,25.75359928
CON=C=CCNC=CC=O,CO/N=C/CCNNCC=N,0.346520181,-0.222257852,25.81051353,CO/N=C/CCNNCC=N,0.341,-0.376,23.068,0.822975101,CON=C=CCNC=CC=O,0.346520181,-0.222257852,25.81051353
CON=C=C=CNNCC=N,CO/N=C/CCNNCC=N,0.279289569,-0.360877621,25.73895359,CO/N=C/CCNNCC=N,0.341,-0.376,23.068,0.891680344,CON=C=C=CNNCC=N,0.279289569,-0.360877621,25.73895359
CO/N=C/CC=NNC=C=O,CO/N=C/CCNNCC=N,0.490425,-0.3693274,25.48035771,CO/N=C/CCNNCC=N,0.341,-0.376,23.068,0.860964607,CO/N=C/CC=NNC=C=O,0.490425,-0.3693274,25.48035771
CO/N=C/CCOC=C=C=N,CO/N=C/CCNNCC=N,0.36061542,-0.217437115,25.80107915,CO/N=C/CCNNCC=N,0.341,-0.376,23.068,0.805989014,CO/N=C/CCOC=C=C=N,0.36061542,-0.217437115,25.80107915
CO/N=C/C=COC=CC=N,CO/N=C/CCNNCC=N,0.36061542,-0.23525199,19.5389987,CO/N=C/CCNNCC=N,0.341,-0.376,23.068,0.806097785,CO/N=C/C=COC=CC=N,0.36061542,-0.23525199,19.5389987
CON=C=CCONC=C=O,CO/N=C/CCNNCC=N,0.553303878,-0.401890521,25.52783758,CO/N=C/CCNNCC=N,0.341,-0.376,23.068,0.818505672,CON=C=CCONC=C=O,0.553303878,-0.401890521,25.52783758
COC=CN=CCC(C)OC,CNCCOCNC(OC)C,0.247040237,-0.305502178,26.53816205,CNCCOCNC(OC)C,0.341,-0.376,23.068,0.802067587,COC=CN=CCC(C)OC,0.247040237,-0.305502178,26.53816205
CCC(C)CCOCCOC,CNCCOCNC(OC)C,0.271374818,-0.318941451,26.93044343,CNCCOCNC(OC)C,0.341,-0.376,23.068,0.833548726,CCC(C)CCOCCOC,0.271374818,-0.318941451,26.93044343
C/C=C/CCOCCOC,CNCCOCN/C=C/O,0.239936686,-0.363429947,26.93044343,CNCCOCN/C=C/O,0.341,-0.376,23.068,0.842257571,C/C=C/CCOCCOC,0.239936686,-0.363429947,26.93044343
FCC1CCNO1,C1CONC1CN,0.263353333,-0.333902208,19.32331377,C1CONC1CN,0.341,-0.376,23.068,0.832667483,FCC1CCNO1,0.263353333,-0.333902208,19.32331377
FCC1CCON1,C1CONC1CN,0.263353333,-0.309387896,19.32331377,C1CONC1CN,0.341,-0.376,23.068,0.810934936,FCC1CCON1,0.263353333,-0.309387896,19.32331377
C=C=N/C=C/N=NC,C=NO/C=C/NOC,0.331871556,-0.415502901,12.91747105,C=NO/C=C/NOC,0.341,-0.376,23.068,0.812710489,C=C=N/C=C/N=NC,0.331871556,-0.415502901,12.91747105
C=CN=C=C=NOC,C=NO/C=C/NOC,0.466551531,-0.422515871,18.84939567,C=NO/C=C/NOC,0.341,-0.376,23.068,0.812641704,C=CN=C=C=NOC,0.466551531,-0.422515871,18.84939567
C=NC/C=C/NNC,C=NO/C=C/NOC,0.188303878,-0.370857984,20.30994454,C=NO/C=C/NOC,0.341,-0.376,23.068,0.806324415,C=NC/C=C/NNC,0.188303878,-0.370857984,20.30994454
C=NC=C=CN=NC,C=NO/C=C/NOC,0.331871556,-0.400639309,13.76518814,C=NO/C=C/NOC,0.341,-0.376,23.068,0.83615087,C=NC=C=CN=NC,0.331871556,-0.400639309,13.76518814
C=NC/C=C/NOC,C=NO/C=C/NOC,0.470110802,-0.382370812,20.3720701,C=NO/C=C/NOC,0.341,-0.376,23.068,0.863943583,C=NC/C=C/NOC,0.470110802,-0.382370812,20.3720701
C=NC=C=C=NOC,C=NO/C=C/NOC,0.466551531,-0.437408538,19.69711276,C=NO/C=C/NOC,0.341,-0.376,23.068,0.814791535,C=NC=C=C=NOC,0.466551531,-0.437408538,19.69711276
C=NC/C=C/ONC,C=NO/C=C/NOC,0.470110802,-0.358093548,20.30994454,C=NO/C=C/NOC,0.341,-0.376,23.068,0.852725134,C=NC/C=C/ONC,0.470110802,-0.358093548,20.30994454
C=NN=C=CC=CC,C=NO/C=C/NOC,0.338635937,-0.393297925,12.58731522,C=NO/C=C/NOC,0.341,-0.376,23.068,0.831582282,C=NN=C=CC=CC,0.338635937,-0.393297925,12.58731522
C=CCC=C=NN=C,C=NO/C=C/NOC,0.338635937,-0.329360333,12.58731522,C=NO/C=C/NOC,0.341,-0.376,23.068,0.804895637,C=CCC=C=NN=C,0.338635937,-0.329360333,12.58731522
C=NN/C=C/COC,C=NO/C=C/NOC,0.274110802,-0.308456152,20.43419566,C=NO/C=C/NOC,0.341,-0.376,23.068,0.836676811,C=NN/C=C/COC,0.274110802,-0.308456152,20.43419566
C=NN=C=C=NNC,C=NO/C=C/NOC,0.3331,-0.529708056,25.50478627,C=NO/C=C/NOC,0.341,-0.376,23.068,0.863705164,C=NN=C=C=NNC,0.3331,-0.529708056,25.50478627
C=NN=C=CNN=C,C=NO/C=C/NOC,0.3331,-0.49548985,19.30483138,C=NO/C=C/NOC,0.341,-0.376,23.068,0.857514712,C=NN=C=CNN=C,0.3331,-0.49548985,19.30483138
CCN1C=CN=CCC1,C1N(OC)CCOCN1,0.2254,-0.313938058,24.20402312,C1N(OC)CCOCN1,0.341,-0.376,23.068,0.81633447,CCN1C=CN=CCC1,0.2254,-0.313938058,24.20402312
CNN1CCCCCC1,C1N(OC)CCOCN1,0.430808,-0.309175892,25.14609732,C1N(OC)CCOCN1,0.341,-0.376,23.068,0.843723755,CNN1CCCCCC1,0.430808,-0.309175892,25.14609732
CNN1C=C=CCCC1,C1N(OC)CCOCN1,0.369133333,-0.332810266,18.60134091,C1N(OC)CCOCN1,0.341,-0.376,23.068,0.871763011,CNN1C=C=CCCC1,0.369133333,-0.332810266,18.60134091
C=NN1CC=CCCC1,C1N(OC)CCOCN1,0.4655,-0.307897708,24.81594149,C1N(OC)CCOCN1,0.341,-0.376,23.068,0.826995432,C=NN1CC=CCCC1,0.4655,-0.307897708,24.81594149
CNN1C=CCCN=C1,C1N(OC)CCOCN1,0.36015,-0.224705071,24.93987628,C1N(OC)CCOCN1,0.341,-0.376,23.068,0.823130674,CNN1C=CCCN=C1,0.36015,-0.224705071,24.93987628
CNN1C=CCC=NC1,C1N(OC)CCOCN1,0.36015,-0.26731568,24.93987628,C1N(OC)CCOCN1,0.341,-0.376,23.068,0.860906038,CNN1C=CCC=NC1,0.36015,-0.26731568,24.93987628
CNN1C=NC=CCC1,C1N(OC)CCOCN1,0.36015,-0.249156705,24.93987628,C1N(OC)CCOCN1,0.341,-0.376,23.068,0.844807656,CNN1C=NC=CCC1,0.36015,-0.249156705,24.93987628
CNN1CCC=C=NC1,C1N(OC)CCOCN1,0.36015,-0.285372742,31.13983116,C1N(OC)CCOCN1,0.341,-0.376,23.068,0.815528448,CNN1CCC=C=NC1,0.36015,-0.285372742,31.13983116
CNN1C=C=CCOC1,C1N(OC)CCOCN1,0.3131,-0.238782803,25.39428322,C1N(OC)CCOCN1,0.341,-0.376,23.068,0.820545298,CNN1C=C=CCOC1,0.3131,-0.238782803,25.39428322
CNN1C=C=NCCC1,C1N(OC)CCOCN1,0.36015,-0.385487773,31.01589638,C1N(OC)CCOCN1,0.341,-0.376,23.068,0.888654325,CNN1C=C=NCCC1,0.36015,-0.385487773,31.01589638
C=NN1C=CCNCC1,C1N(OC)CCOCN1,0.36015,-0.282701132,31.3606979,C1N(OC)CCOCN1,0.341,-0.376,23.068,0.81142093,C=NN1C=CCNCC1,0.36015,-0.282701132,31.3606979
CNOCC=N,CNOCC=N,0.245458673,-0.378621397,19.86915453,CNOCC=N,0.341,-0.376,23.068,0.858075457,CNOCC=N,0.245458673,-0.378621397,19.86915453
CNOCC=O,CNOCC=N,0.290300592,-0.463886865,19.94071447,CNOCC=N,0.341,-0.376,23.068,0.842098572,CNOCC=O,0.290300592,-0.463886865,19.94071447
CONCC=N,CNOCC=N,0.245458673,-0.361088071,19.86915453,CNOCC=N,0.341,-0.376,23.068,0.847163505,CONCC=N,0.245458673,-0.361088071,19.86915453
CONCC=O,CNOCC=N,0.290300592,-0.429640795,19.94071447,CNOCC=N,0.341,-0.376,23.068,0.863634309,CONCC=O,0.290300592,-0.429640795,19.94071447
CCCCCCN(C)O,NCCCNCN(F)C,0.422393639,-0.248683768,23.86289914,NCCCNCN(F)C,0.341,-0.376,23.068,0.811795245,CCCCCCN(C)O,0.422393639,-0.248683768,23.86289914
C=CCCC=CN(C)O,NCCCNCN(F)C,0.37328781,-0.338305732,17.31814273,NCCCNCN(F)C,0.341,-0.376,23.068,0.854665558,C=CCCC=CN(C)O,0.37328781,-0.338305732,17.31814273
CC=CCC=CN(C)O,NCCCNCN(F)C,0.37328781,-0.341153709,17.31814273,NCCCNCN(F)C,0.341,-0.376,23.068,0.85719036,CC=CCC=CN(C)O,0.37328781,-0.341153709,17.31814273
CC=CC=NCN(C)O,NCCCNCN(F)C,0.374137188,-0.273463794,30.2014345,NCCCNCN(F)C,0.341,-0.376,23.068,0.800844162,CC=CC=NCN(C)O,0.374137188,-0.273463794,30.2014345
C=C=CCOCN(C)O,NCCCNCN(F)C,0.336399,-0.280090105,30.65584144,NCCCNCN(F)C,0.341,-0.376,23.068,0.827970279,C=C=CCOCN(C)O,0.336399,-0.280090105,30.65584144
C=[N+]([O-])CCCCCN,NCCCNCN(F)C,0.333953497,-0.207571896,24.54586282,NCCCNCN(F)C,0.341,-0.376,23.068,0.82372682,C=[N+]([O-])CCCCCN,0.333953497,-0.207571896,24.54586282
CN(O)C=CCCC=O,NCCCNCN(F)C,0.266089,-0.27807564,23.60430326,NCCCNCN(F)C,0.341,-0.376,23.068,0.832387316,CN(O)C=CCCC=O,0.266089,-0.27807564,23.60430326
CN(O)C=CC=CCF,NCCCNCN(F)C,0.19119169,-0.330928504,23.9927337,NCCCNCN(F)C,0.341,-0.376,23.068,0.800755401,CN(O)C=CC=CCF,0.19119169,-0.330928504,23.9927337
C=CC=C=NCOO,CO/C=C/OCNN,0.507696,-0.369659527,17.85785121,CO/C=C/OCNN,0.341,-0.376,23.068,0.809646125,C=CC=C=NCOO,0.507696,-0.369659527,17.85785121
CNC=C=C=COO,CO/C=C/OCNN,0.342076,-0.387663533,12.30490738,CO/C=C/OCNN,0.341,-0.376,23.068,0.833395555,CNC=C=C=COO,0.342076,-0.387663533,12.30490738
CN=C=C=NCNF,CO/C=C/OCNN,0.413934694,-0.276779646,25.4559613,CO/C=C/OCNN,0.341,-0.376,23.068,0.82203666,CN=C=C=NCNF,0.413934694,-0.276779646,25.4559613
C=N/C=C/N=COO,CO/C=C/OCNN,0.348263265,-0.425532953,18.37541247,CO/C=C/OCNN,0.341,-0.376,23.068,0.886439351,C=N/C=C/N=COO,0.348263265,-0.425532953,18.37541247
CN/C=C/OCOO,CO/C=C/OCNN,0.306952595,-0.302411889,19.09784968,CO/C=C/OCNN,0.341,-0.376,23.068,0.844111594,CN/C=C/OCOO,0.306952595,-0.302411889,19.09784968
CO/C=C/N=CN=O,CO/C=C/OCNN,0.345720408,-0.426459359,13.4483329,CO/C=C/OCNN,0.341,-0.376,23.068,0.81700369,CO/C=C/N=CN=O,0.345720408,-0.426459359,13.4483329
COC=C=NC=NF,CO/C=C/OCNN,0.463522485,-0.406110519,19.31813197,CO/C=C/OCNN,0.341,-0.376,23.068,0.832990032,COC=C=NC=NF,0.463522485,-0.406110519,19.31813197
CO/C=C/NCOO,CO/C=C/OCNN,0.306952595,-0.289016215,19.09784968,CO/C=C/OCNN,0.341,-0.376,23.068,0.832235996,CO/C=C/NCOO,0.306952595,-0.289016215,19.09784968
CO/C=C/OCNF,CO/C=C/OCNN,0.370785937,-0.332675587,13.84061429,CO/C=C/OCNN,0.341,-0.376,23.068,0.801478517,CO/C=C/OCNF,0.370785937,-0.332675587,13.84061429
